<?xml version="1.0" encoding="UTF-8" standalone="yes"?>
<AssignMessage async="false" continueOnError="false" enabled="true" name="AM-VariablesInfo">
    <DisplayName>AM-VariablesInfo</DisplayName>
    <AssignVariable>
        <Name>Client_Id</Name>
        <Ref>client_id</Ref>
        <Value>ErrorOnCopy</Value>
    </AssignVariable>
    <AssignVariable>
        <Name>Proxy_Name</Name>
        <Ref>apiproxy.name</Ref>
    </AssignVariable>
    <AssignVariable>
        <Name>Product_Name</Name>
        <Ref>apiproduct.name</Ref>
        <Value>ErrorOnCopy</Value>
    </AssignVariable>
    <AssignVariable>
        <Name>Consumer_AppName</Name>
        <Ref>verifyapikey.VAP-API_Key_Validation.developer.app.name</Ref>
    </AssignVariable>
    <AssignVariable>
        <Name>Quota_Limit</Name>
        <Ref>verifyapikey.VAP-API_Key_Validation.apiproduct.developer.quota.limit</Ref>
    </AssignVariable>
    <AssignVariable>
        <Name>Quota_Interval</Name>
        <Ref>verifyapikey.VAP-API_Key_Validation.apiproduct.developer.quota.interval</Ref>
    </AssignVariable>
    <AssignVariable>
        <Name>Quota_Timeunit</Name>
        <Ref>verifyapikey.VAP-API_Key_Validation.apiproduct.developer.quota.timeunit</Ref>
    </AssignVariable>
    <!--Assigning custom attribute from APP/Product-->
    <AssignVariable>
        <Name>x_consumer_APPId</Name>
        <Value>null</Value>
        <Ref>verifyapikey.VAP-API_Key_Validation.x_consumer_APPId</Ref>
    </AssignVariable>
    <AssignVariable>
        <Name>Producer_APPId</Name>
        <Value>null</Value>
        <Ref>verifyapikey.VAP-API_Key_Validation.apiproduct.Producer_APPId</Ref>
    </AssignVariable>
    <IgnoreUnresolvedVariables>true</IgnoreUnresolvedVariables>
    <AssignTo createNew="false" transport="http" type="request"/>
</AssignMessage>