<?xml version="1.0" encoding="UTF-8" standalone="yes"?>
<Manifest name="manifest">
    <Policies>
        <VersionInfo resourceName="AM-ClientIdNotNull" version="SHA-512:7dbe69a328d4fc5c105000790da2f3c0774f5af556a7ba53b9de839c23b1117d71b28970b74a5c876f8697c4459027b1e9a536aab816f929d1244c6985ab0a12"/>
        <VersionInfo resourceName="AM-ClientIdNull" version="SHA-512:d379e54603f5989be189ee34bee264b644832caa6970c98b91bf17bd2d1778890ec8dc7882e1497f2f490b118096d284ebb0bd762fe48dfaddb2681c688569ca"/>
        <VersionInfo resourceName="AM-VariablesInfo" version="SHA-512:dd3cf0772dd7f0dd329a4ba8e7b9245c5fc390b0be5c18789f2c13a0eaafd5d36b231068bb74d6c12622a3574ba4362950bad3e6eb50fbad4d3e8e28b91970ec"/>
        <VersionInfo resourceName="VAP-API_Key_Validation" version="SHA-512:1aaa2677e92e0c197973726a969239803c7bea0aba9d13897aebe9599c448801dcddf13bb22b3a2634310fb516399d057f3ec4a5d1b74135bcaca8b64138dcf5"/>
    </Policies>
    <ProxyEndpoints/>
    <Resources/>
    <SharedFlows>
        <VersionInfo resourceName="default" version="SHA-512:414c16323ffad6cc9814759f0a69a0d17c422b4ff1ed2d9a838cc879daeee6273008c372bdeab39d5787727061527d3903f7693976af23bceafd100cf1c92144"/>
    </SharedFlows>
    <TargetEndpoints/>
</Manifest>
