<?xml version="1.0" encoding="UTF-8" standalone="yes"?>
<SharedFlow name="default">
    <Step>
        <Name>RF-TokenMissed</Name>
        <Condition>(request.header.Authorization == null) AND (request.queryparam.Authorization == null)</Condition>
    </Step>
    <Step>
        <Name>OA-VerifyAccessTokenHeader</Name>
        <Condition>request.header.Authorization != null</Condition>
    </Step>
    <Step>
        <Name>OA-VerifyAccessTokenQueryParam</Name>
        <Condition>request.queryparam.Authorization != null</Condition>
    </Step>
</SharedFlow>