<?xml version="1.0" encoding="UTF-8" standalone="yes"?>
<SharedFlowBundle revision="1" name="SF-VerifyAPIKey">
    <ConfigurationVersion majorVersion="4" minorVersion="0"/>
    <CreatedAt>1682761481736</CreatedAt>
    <CreatedBy>pusulurikiran@gmail.com</CreatedBy>
    <Description>API Key Validation</Description>
    <DisplayName>SF-VerifyAPIKey</DisplayName>
    <LastModifiedAt>1682843840810</LastModifiedAt>
    <LastModifiedBy>pusulurikiran@gmail.com</LastModifiedBy>
    <ManifestVersion>SHA-512:96c6565ae76f9899c078cdd1e3ce0c82d05baf0cc63c35116ec1e6c28b087c7fd5d949677a47ed5072bb934418d187a7f1ddd0876b9c173fa279b336b8caf050:ap-southeast-2</ManifestVersion>
    <Policies>
        <Policy>AM-ClientIdNotNull</Policy>
        <Policy>AM-ClientIdNull</Policy>
        <Policy>AM-VariablesInfo</Policy>
        <Policy>VAP-API_Key_Validation</Policy>
    </Policies>
    <Resources/>
    <Spec></Spec>
    <subType>SharedFlow</subType>
    <SharedFlows>
        <SharedFlow>default</SharedFlow>
    </SharedFlows>
</SharedFlowBundle>
