<?xml version="1.0" encoding="UTF-8" standalone="yes"?>
<Manifest name="manifest">
    <Policies>
        <VersionInfo resourceName="OA-VerifyAccessTokenHeader" version="SHA-512:663e6c265d008c82a12ffa0a5f9a65e68c1518788488c01e8aa302790c23d789b9b63eee7aec1a454cde5af3776b3f791c9f075c0fa473a95a9044e2ecdf8402"/>
        <VersionInfo resourceName="OA-VerifyAccessTokenQueryParam" version="SHA-512:98d4a2e978354ee01b07fbf1f3d125bf93efc1bcd14fc4c56a8000b4183c78483f31194e1b824b043cdb0fab58cc1c5ce72dc1c82315387e2f4e637c3736be73"/>
        <VersionInfo resourceName="RF-TokenMissed" version="SHA-512:0cdc6013d26d9202ac92da21862008c1b70e7b5ef2a26212f8dc02595fcb4f0acf7a1fa32b65f4acb46f2688d18c355596d34625f584828587127105c55edd16"/>
    </Policies>
    <ProxyEndpoints/>
    <Resources/>
    <SharedFlows>
        <VersionInfo resourceName="default" version="SHA-512:93bbb059d1f21b1d42c08f9b7f7ffefae7b8ff4019a5724c3ee4a6d808e610df1f0c6689742b698dd49daac3aabb87a8b09e82643108d9bd4cdb9bb6d8946263"/>
    </SharedFlows>
    <TargetEndpoints/>
</Manifest>
