<?xml version="1.0" encoding="UTF-8" standalone="yes"?>
<SharedFlowBundle revision="2" name="SF-ValidateToken">
    <ConfigurationVersion majorVersion="4" minorVersion="0"/>
    <CreatedAt>1694183859019</CreatedAt>
    <CreatedBy>pusulurikiran@gmail.com</CreatedBy>
    <Description>This shared flow is for validating the access token</Description>
    <DisplayName>SF-ValidateToken</DisplayName>
    <LastModifiedAt>1694188765349</LastModifiedAt>
    <LastModifiedBy>pusulurikiran@gmail.com</LastModifiedBy>
    <ManifestVersion>SHA-512:5b253f8bb777353bc6083e6eb8e21610b93c1a52aac4901ea0a8b953b598fb4972c6d637e5fc3295b25c0382ee3e9dedeb552d5b06408ded65a28d59fab1c256:ap-northeast-1</ManifestVersion>
    <Policies>
        <Policy>OA-VerifyAccessTokenHeader</Policy>
        <Policy>OA-VerifyAccessTokenQueryParam</Policy>
        <Policy>RF-TokenMissed</Policy>
    </Policies>
    <Resources/>
    <Spec></Spec>
    <subType>SharedFlow</subType>
    <SharedFlows>
        <SharedFlow>default</SharedFlow>
    </SharedFlows>
</SharedFlowBundle>
