<?xml version="1.0" encoding="UTF-8" standalone="yes"?>
<RaiseFault async="false" continueOnError="false" enabled="true" name="RF-TokenMissed">
    <DisplayName>RF-TokenMissed</DisplayName>
    <Properties/>
    <FaultResponse>
        <Set>
            <Payload contentType="application/json">{"error":"Token is missing in header or queryparam"}</Payload>
            <StatusCode>404</StatusCode>
            <ReasonPhrase>Missing Parameter</ReasonPhrase>
        </Set>
    </FaultResponse>
</RaiseFault>